"delta.rank"	"pval"	"level"	"nseqs"	"term"	"name"	"p.adj"
"99"	-597	3.85639276054899e-05	2	234	"GO:0006886;GO:0046907;GO:0051641;GO:0051649"	"cellular localization"	0.000929040074132257
"105"	-1153	7.80884491604913e-08	3	105	"GO:0006979"	"response to oxidative stress"	2.95620557536146e-06
"188"	440	3.23901055381702e-05	1	452	"GO:0032501"	"multicellular organismal process"	0.00085833779676151
"198"	-646	1.847776184412e-14	2	744	"GO:0034645;GO:0009059;GO:1901566;GO:0044271"	"cellular nitrogen compound biosynthetic process"	2.4483034443459e-12
"201"	-2474	1.18142638833503e-29	3	101	"GO:0042254;GO:0022613;GO:0044085"	"ribosome biogenesis"	3.13077992908783e-27
"219"	1549	4.5604692372625e-06	4	42	"GO:0045824;GO:0002832;GO:0031348;GO:0032102;GO:0045088;GO:0050777;GO:0002831;GO:0048585;GO:0031347;GO:0080134;GO:0032101;GO:0002683"	"regulation of response to biotic stimulus"	0.000134280483097174
"246"	279	0.000692084561115227	2	787	"GO:0065008"	"regulation of biological quality"	0.00764176702898063
